-- SEED DATA SCRIPT - SGMI 2.0
-- Este script popula o banco de dados com os dados iniciais fornecidos (JSON -> SQL)
-- Certifique-se de limpar as tabelas se necessário antes de rodar, ou rodar em um banco novo.

BEGIN;

-- 1. TIPOS DE EQUIPAMENTO
-- Inserindo os tipos baseados no JSON fornecido
INSERT INTO public.equipment_types (id, description) VALUES
('AUTOFRETAGEM', 'AUTOFRETAGEM'),
('BALANA', 'BALANÇA'),
('BALANA_01', 'BALANÇA 01'),
('BALANA_02', 'BALANÇA 02'),
('BANCADA_DE_TESTES', 'Bancada de Testes'),
('BANCO_DE_CAPACITORES', 'Banco de Capacitores'),
('BEBEDOURO_AUTOMOTIVO', 'BEBEDOURO AUTOMOTIVO'),
('BEBEDOURO_DIRETORIA', 'BEBEDOURO DIRETORIA'),
('BEBEDOURO_ENGENHARIA', 'BEBEDOURO ENGENHARIA'),
('BEBEDOURO_INJEO', 'BEBEDOURO INJEÇÃO'),
('CABINE_DE_PINTURA', 'CABINE DE PINTURA'),
('CABINE_DE_PINTURA_HALAR', 'CABINE DE PINTURA HALAR'),
('CABINE_PRIMARIA', 'CABINE PRIMARIA'),
('CABINE_SECUNDARIA', 'CABINE SECUNDARIA'),
('CALANDRA', 'CALANDRA'),
('CALDEIRA', 'Caldeira'),
('CMARA_FRIA', 'CÂMARA FRIA'),
('CAVALETE_AR_RESPIRATORIO_JATO_DE_GRANALHA', 'CAVALETE AR RESPIRATORIO (JATO DE GRANALHA)'),
('CENTRO_DE_USINAGEM', 'CENTRO DE USINAGEM'),
('CHILLER', 'CHILLER'),
('COMPRESSOR', 'Compressor'),
('COMPRESSOR_CHICAGO_CPCM_40BD', 'COMPRESSOR CHICAGO CPCm 40BD'),
('COMPRESSOR_DE_PARAFUSO', 'COMPRESSOR DE PARAFUSO'),
('COMPRESSOR_PISTO_SCHULZ', 'COMPRESSOR PISTÃO SCHULZ'),
('CONFORMADORA', 'CONFORMADORA'),
('CURVADORA', 'CURVADORA'),
('DISPOSITIVO_DE_MONTAGEM', 'Dispositivo de Montagem'),
('EMPILHADEIRA', 'Empilhadeira'),
('ENROLADOR_DE_FITA', 'ENROLADOR DE FITA'),
('ESMERIL', 'ESMERIL'),
('ESPULADEIRA', 'ESPULADEIRA'),
('ESTEIRA_TRANSPORTADORA', 'Esteira Transportadora'),
('ESTUFA_DE_FUNIL', 'ESTUFA DE FUNIL'),
('ESTUFA_ELETRICA', 'ESTUFA ELETRICA'),
('EXTRUSORA', 'EXTRUSORA'),
('EXTRUSORA_DE_PA', 'EXTRUSORA DE PA'),
('FORNO', 'FORNO'),
('FORNO_ELTRICO', 'FORNO ELÉTRICO'),
('FRESADORA_FERRAMENTARIA', 'FRESADORA FERRAMENTARIA'),
('FURADEIRA_DE_BANCADA', 'Furadeira de Bancada'),
('FURADEIRA_RADIAL', 'Furadeira Radial'),
('GERADOR', 'GERADOR'),
('GUILHOTINA', 'GUILHOTINA'),
('JATO_DE_GRANALHA', 'JATO DE GRANALHA'),
('JATO_DE_OXIDO_DE_ALUMINIO', 'JATO DE OXIDO DE ALUMINIO'),
('LAVADOR_DE_PEAS', 'LAVADOR DE PEÇAS'),
('MANDRILHADORA', 'Mandrilhadora'),
('MAQUINA_A_LASER', 'MAQUINA A LASER'),
('MAQUINA_DE_CORRUGAR', 'MAQUINA DE CORRUGAR'),
('MAQUINA_DE_SOLDA', 'MAQUINA DE SOLDA'),
('MQUINA_DE_SOLDA_MIGMAG', 'Máquina de Solda MIG/MAG'),
('MQUINA_DE_SOLDA_TIG', 'Máquina de Solda TIG'),
('MAQUINA_DE_TESTE', 'MAQUINA DE TESTE'),
('MAQUINA_DE_VIROLA', 'MAQUINA DE VIROLA'),
('MISTURADOR', 'MISTURADOR'),
('MOLDAGEM_COM_GLICERINA', 'MOLDAGEM COM GLICERINA'),
('NOBREAK__UPS', 'Nobreak / UPS'),
('PAINEL_ELTRICO_GERAL', 'Painel Elétrico Geral'),
('PALETEIRA_ELTRICA', 'Paleteira Elétrica'),
('PLAINA', 'PLAINA'),
('POLICORTE', 'POLICORTE'),
('PONTE_ROLANTE', 'Ponte Rolante'),
('PRMOLDE', 'PRÉ-MOLDE'),
('PRENSA', 'Prensa'),
('PRENSA_DE_EIXO_EXCENTRICO', 'PRENSA DE EIXO EXCENTRICO'),
('PRENSA_DE_MOLDAGEM', 'PRENSA DE MOLDAGEM'),
('PRENSA_HIDRAULICA', 'PRENSA HIDRAULICA'),
('PRENSA_HIDRULICA', 'PRENSA HIDRÁULICA'),
('PUXADOR', 'PUXADOR'),
('QUADRO_DE_FORA', 'QUADRO DE FORÇA'),
('QUADRO_DE_ILUMINAO', 'QUADRO DE ILUMINAÇÃO'),
('QUADRO_ELETRICO_COMANDO_DA_PORTARIA', 'QUADRO ELETRICO (COMANDO DA PORTARIA)'),
('QUADRO_ELETRICO_COMANDO_DO_REFEITRIO', 'QUADRO ELETRICO (COMANDO DO REFEITÓRIO)'),
('QUADRO_ELETRICO_COMANDO_ENGENHARIAPCD', 'QUADRO ELETRICO (COMANDO ENGENHARIA/PCD)'),
('QUADRO_GERAL_DO_AR_CONDICIONADO', 'QUADRO GERAL DO AR CONDICIONADO'),
('RECRAVADEIRA_DE_MANGUEIRAS', 'RECRAVADEIRA DE MANGUEIRAS'),
('RETFICA_CILNDRICA', 'Retífica Cilíndrica'),
('RETIFICA_DEWALT', 'RETIFICA DEWALT'),
('RETFICA_PLANA', 'Retífica Plana'),
('ROUTER', 'ROUTER'),
('SECADOR_DE_AR', 'Secador de Ar'),
('SERRA', 'SERRA'),
('SERRA_CIRCULAR', 'SERRA CIRCULAR'),
('SERRA_DE_FITA', 'SERRA DE FITA'),
('SISTEMA_DE_EXAUSTO', 'Sistema de Exaustão'),
('SISTEMA_DE_REFRIGERAO_INDUSTRIAL', 'Sistema de Refrigeração Industrial'),
('SOLDA_POR_INDUO', 'SOLDA POR INDUÇÃO'),
('TALHA_ELTRICA', 'Talha Elétrica'),
('TAMBOREADOR', 'TAMBOREADOR'),
('TESTE_TREFILA', 'TESTE TREFILA'),
('TORNO', 'Torno'),
('TORNO_AUTOMATICO', 'TORNO AUTOMATICO'),
('TORNO_AUTOMTICO', 'TORNO AUTOMÁTICO'),
('TORNO_CNC', 'TORNO CNC'),
('TORNO_MECANICO', 'TORNO MECANICO'),
('TORNO_REVOLVER', 'TORNO REVOLVER'),
('TORRE_DE_RESFRIAMENTO', 'TORRE DE RESFRIAMENTO'),
('TRANADEIRA', 'TRANÇADEIRA'),
('TRANSFORMADOR', 'Transformador'),
('TREFILA', 'TREFILA'),
('TRIDIMENSIONAL', 'TRIDIMENSIONAL'),
('UNIDADE_HIDRULICA', 'Unidade Hidráulica'),
('VLVULA_PROPORCIONAL', 'Válvula Proporcional'),
('VIRADOR_DE_SOLDA', 'Virador de Solda')
ON CONFLICT (id) DO NOTHING;

-- 2. MANTENEDORES
INSERT INTO public.maintainers (name) VALUES
('DARCI'),
('Equipe Interna'),
('ERIC'),
('MARCUS AMATO'),
('SERGIO'),
('TERCEIRIZADO SAMPRED'),
('Torgeiro')
ON CONFLICT (name) DO NOTHING;

-- 3. PEÇAS DE REPOSIÇÃO (Estoque)
INSERT INTO public.spare_parts (id, name, min_stock, current_stock, location, unit, cost) VALUES
('RE-001', 'Rolamento de encosto - 51106', 12, 13, 'P2B1', 'PÇ', 25.5),
('RO-001', 'Rolamento 6201ZZ', 10, 10, 'P2B1', 'PÇ', 12),
('BF-001', 'Base de freio do carretel', 12, 12, 'P3C4', 'PÇ', 75),
('PE-001', 'Pino elástico 4x20', 20, 20, 'P2B1', 'PÇ', 0.5),
('RO-002', 'Rolamento UC207', 2, 2, 'P2B1', 'PÇ', 45),
('CO-001', 'Contatora WEG CWM09/10E', 1, 1, 'P3C3', 'PÇ', 89.9),
('COR-001', 'Correia AXS40', 3, 3, 'P1A3', 'PÇ', 22),
('COR-002', 'Correia AXS35', 2, 2, 'P1A3', 'PÇ', 19.5),
('COR-003', 'Correia A63', 2, 2, 'P1A1', 'PÇ', 35),
('CO-002', 'Contatora CWM25', 1, 1, 'P3C3', 'PÇ', 150),
('OL-001', 'Óleo Hidráulico 68', 200, 150, 'TAMBOR', 'L', 15.75),
('DJ-001', 'Disjuntor Tripolar 50A', 2, 2, 'P3C1', 'PÇ', 65),
('FO-001', 'Filtro de Óleo Hidráulico PSH486', 1, 1, 'P2B4', 'PÇ', 120),
('CO-003', 'Contatora Siemens 3TS35', 1, 1, 'P3C3', 'PÇ', 130),
('RO-003', 'Rolamento UC206', 2, 2, 'P2B3', 'PÇ', 42),
('RO-004', 'Rolamento 6206ZZ', 2, 2, 'P2B3', 'PÇ', 28),
('DJ-002', 'Disjuntor Tripolar 15A', 1, 1, 'P3C1', 'PÇ', 45),
('DJ-003', 'Disjuntor Tripolar 20A', 1, 1, 'P3C1', 'PÇ', 48),
('DJ-004', 'Disjuntor Tripolar 25A', 1, 1, 'P3C1', 'PÇ', 52),
('DJ-005', 'Disjuntor Tripolar 30A', 1, 1, 'P3C1', 'PÇ', 55),
('DJ-006', 'Disjuntor Bipolar 25A', 1, 1, 'P3C2', 'PÇ', 35),
('DJ-007', 'Disjuntor Tripolar 100A', 1, 1, 'P3C2', 'PÇ', 180),
('DJB-001', 'Disjuntor Bipolar 6A', 1, 1, 'P3C2', 'PÇ', 25),
('DJB-002', 'Disjuntor Bipolar 16A', 1, 1, 'P3C2', 'PÇ', 28),
('DJB-003', 'Disjuntor Bipolar 40A', 1, 1, 'P3C2', 'PÇ', 40),
('COR-004', 'Correia AXS51', 2, 2, 'P1A4', 'PÇ', 30),
('COR-005', 'Correia AXS58', 2, 2, 'P1A2', 'PÇ', 33),
('COR-006', 'Correia AXS69', 2, 2, 'P1A3', 'PÇ', 40),
('COR-007', 'Correia A50', 2, 2, 'P1A1', 'PÇ', 30),
('COR-008', 'Correia A49', 2, 2, 'P1A2', 'PÇ', 29),
('COR-009', 'Correia A59', 2, 2, 'P1A2', 'PÇ', 34),
('COR-010', 'Correia AXS41', 2, 2, 'P1A3', 'PÇ', 23),
('COR-011', 'Correia AXS43', 2, 2, 'P1A1', 'PÇ', 25),
('COR-012', 'Correia AXS33', 2, 2, 'P1A3', 'PÇ', 18),
('COR-013', 'Correia AXS36', 2, 2, 'P1A2', 'PÇ', 20),
('COR-014', 'Correia AXS38', 2, 2, 'P1A3', 'PÇ', 21),
('COR-015', 'Correia AXS39', 2, 2, 'P1A4', 'PÇ', 22),
('COR-016', 'Correia AXS45', 2, 2, 'P1A3', 'PÇ', 26),
('COR-017', 'Correia AXS47', 2, 2, 'P1A3', 'PÇ', 28),
('COR-018', 'Correia AXS48', 2, 2, 'P1A1', 'PÇ', 29),
('COR-019', 'Correia AXS49', 2, 2, 'P1A1', 'PÇ', 29.5),
('COR-020', 'Correia AXS61', 2, 2, 'P1A1', 'PÇ', 36),
('COR-021', 'Correia A27', 2, 4, 'P1A1', 'PÇ', 15),
('COR-022', 'Correia AXS79', 2, 2, 'P1A4', 'PÇ', 45),
('COR-023', 'Correia B60', 2, 2, 'P1A2', 'PÇ', 50),
('COR-024', 'Correia B58', 2, 2, 'P1A2', 'PÇ', 48),
('COR-025', 'Correia AXS52', 2, 2, 'P1A4', 'PÇ', 31),
('COR-026', 'Correia A60', 2, 2, 'P1A1', 'PÇ', 35),
('RO-05', 'Rolamento UC208', 2, 2, 'P2B2', 'PÇ', 50),
('RO-06', 'Rolamento 6200 ZZ', 2, 2, 'P2B1', 'PÇ', 10),
('RO-07', 'Rolamento 6202 ZZ', 2, 2, 'P2B1', 'PÇ', 15),
('RO-08', 'Rolamento 6207 ZZ', 2, 2, 'P2B1', 'PÇ', 30),
('RO-09', 'Rolamento 6205 ZZ', 2, 2, 'P2B3', 'PÇ', 25),
('RO-10', 'Rolamento 6006 ZZ', 2, 2, 'P2B3', 'PÇ', 28),
('RO-11', 'Rolamento 6004 ZZ', 2, 2, 'P2B3', 'PÇ', 22),
('DJ-008', 'Disjuntor Tripolar 10A', 1, 1, 'P3C2', 'PÇ', 40),
('DJB-004', 'Disjuntor Bipolar 10A', 1, 1, 'P3C2', 'PÇ', 25),
('DJB-005', 'Disjuntor Bipolar 32A', 1, 1, 'P3C2', 'PÇ', 38),
('BGR-001', 'Base guia do robo', 2, 2, 'P3C4', 'PÇ', 120),
('OL-002', 'Óleo para redutor 320', 1, 1, 'P2B4', 'L', 25),
('CO-004', 'Contatora CJX2-12', 1, 1, 'P3C3', 'PÇ', 95),
('CO-005', 'Contatora Schneider LC1D18M7', 1, 1, 'P3C2', 'PÇ', 180),
('SPC-001', 'Sensor de Pressão do Compressor', 1, 1, 'P3C4', 'PÇ', 350)
ON CONFLICT (id) DO NOTHING;

-- 4. EQUIPAMENTOS
-- Importante: Os campos de ID e TYPE_ID devem corresponder aos tipos inseridos acima.
-- Assumimos que o script 'maintenance_plan_linking.sql' será responsável por corrigir os type_id se necessário,
-- mas aqui já inserimos com os type_id que parecem corretos baseados no JSON.
-- Como o JSON não tem o typeId explicitamente correto (usa descrição), vamos inserir e depois rodar o script de linking.

INSERT INTO public.equipments (id, name, location, is_critical, status, category, manufacturer, model, year_of_manufacture, type_id) VALUES
('PH-15', 'PRENSA HIDRÁULICA', 'MOLDAGEM', true, 'Ativo', 'Industrial', NULL, NULL, NULL, 'PRENSA_HIDRULICA'),
('CF-01', 'CÂMARA FRIA', 'EXTRUSÃO', false, 'Ativo', 'Industrial', 'ENGE FRIL', NULL, NULL, 'CMARA_FRIA'),
('TB-01', 'TAMBOREADOR', 'USINAGEM', false, 'Ativo', 'Industrial', 'GV MÁQUINA', NULL, NULL, 'TAMBOREADOR'),
('FO-10', 'FORNO', 'EXTRUSÃO', true, 'Ativo', 'Industrial', NULL, NULL, NULL, 'FORNO'),
('TA-01', 'TORNO AUTOMÁTICO', 'USINAGEM', false, 'Ativo', 'Industrial', 'TRAUB', 'A15125', NULL, 'TORNO_AUTOMTICO'),
('TA-02', 'TORNO AUTOMÁTICO', 'USINAGEM', false, 'Ativo', 'Industrial', 'TRAUB', 'A15125', NULL, 'TORNO_AUTOMTICO'),
('AF-01', 'AUTOFRETAGEM', 'AUTOMOTIVO', false, 'Ativo', 'Industrial', NULL, NULL, NULL, 'AUTOFRETAGEM'),
('FO-09', 'FORNO ELÉTRICO', 'TRANÇADEIRA', true, 'Ativo', 'Industrial', 'REVEST ARC', 'VC-091148', NULL, 'FORNO_ELTRICO'),
('TD-02', 'TRANÇADEIRA', 'TRANÇADEIRA', true, 'Ativo', 'Industrial', 'NADOLSKY', NULL, NULL, 'TRANADEIRA'),
('FO-11', 'FORNO', 'USINAGEM', true, 'Ativo', 'Industrial', 'STANDARD', 'SET', '2002', 'FORNO'),
('FO-12', 'FORNO', 'USINAGEM', true, 'Ativo', 'Industrial', NULL, NULL, NULL, 'FORNO'),
('TRID-01', 'TRIDIMENSIONAL', 'SALA QUALIDADE', false, 'Ativo', 'Industrial', NULL, NULL, NULL, 'TRIDIMENSIONAL'),
('TF-01', 'TREFILA', 'TREFILA', false, 'Ativo', 'Industrial', NULL, NULL, NULL, 'TREFILA'),
('ES-01', 'ESMERIL', 'USINAGEM', false, 'Ativo', 'Industrial', NULL, NULL, NULL, 'ESMERIL'),
('SF-03', 'SERRA DE FITA', 'USINAGEM', false, 'Ativo', 'Industrial', 'RONEMAK', 'MR 330', NULL, 'SERRA_DE_FITA'),
('EX-01', 'EXTRUSORA', 'EXTRUSÃO', true, 'Ativo', 'Industrial', NULL, NULL, NULL, 'EXTRUSORA'),
('AEX-01', 'EXTRUSORA DE PA', 'AUTOMOTIVO', true, 'Ativo', 'Industrial', 'ATEMA', 'EX 60/30', '2021', 'EXTRUSORA_DE_PA'),
('AEX-02', 'EXTRUSORA DE PA', 'AUTOMOTIVO', true, 'Ativo', 'Industrial', 'ATEMA', 'EX 60/30', '2021', 'EXTRUSORA_DE_PA'),
('MI-04', 'MISTURADOR', 'EXTRUSÃO', false, 'Ativo', 'Industrial', 'SAFETY SWITCH', NULL, NULL, 'MISTURADOR'),
('EX-02', 'EXTRUSORA', 'EXTRUSÃO', true, 'Ativo', 'Industrial', 'WK WOREK', 'D8555', '1992', 'EXTRUSORA'),
('EX-03', 'EXTRUSORA', 'EXTRUSÃO', true, 'Ativo', 'Industrial', NULL, NULL, NULL, 'EXTRUSORA'),
('TA-03', 'TORNO AUTOMÁTICO', 'USINAGEM', false, 'Ativo', 'Industrial', 'TRAUB', 'TA25', NULL, 'TORNO_AUTOMTICO'),
('FO-13', 'FORNO', 'USINAGEM', true, 'Ativo', 'Industrial', 'SHAMMATHERM', 'SH-T', '2013', 'FORNO'),
('TF-02', 'TREFILA', 'TREFILA', false, 'Ativo', 'Industrial', 'LOMBARD', NULL, NULL, 'TREFILA'),
('FO-08', 'FORNO', 'USINAGEM', true, 'Ativo', 'Industrial', NULL, NULL, NULL, 'FORNO'),
('ES-04', 'ESMERIL', 'USINAGEM', false, 'Ativo', 'Industrial', NULL, NULL, NULL, 'ESMERIL'),
('TC-01', 'TORNO CNC', 'USINAGEM', false, 'Ativo', 'Industrial', 'NARDINI', 'L.195', '2009', 'TORNO_CNC'),
('TC-02', 'TORNO CNC', 'USINAGEM', false, 'Ativo', 'Industrial', 'NARDINI', 'L.195', '2009', 'TORNO_CNC'),
('TC-03', 'TORNO CNC', 'USINAGEM', false, 'Ativo', 'Industrial', 'NARDINI', 'L.195', '2004', 'TORNO_CNC'),
('TC-04', 'TORNO CNC', 'USINAGEM', false, 'Ativo', 'Industrial', 'NARDINI', 'L.195', '2006', 'TORNO_CNC'),
('JT-01', 'JATO DE GRANALHA', 'TUBULAÇÃO', false, 'Ativo', 'Industrial', NULL, NULL, NULL, 'JATO_DE_GRANALHA'),
('TC-05', 'TORNO CNC', 'USINAGEM', false, 'Ativo', 'Industrial', 'NARDINI', 'L.195', '2008', 'TORNO_CNC'),
('TC-06', 'TORNO CNC', 'USINAGEM', false, 'Ativo', 'Industrial', 'NARDINI', 'L.195', '2009', 'TORNO_CNC'),
('TC-07', 'TORNO CNC', 'USINAGEM', false, 'Ativo', 'Industrial', 'ROMI', 'CENTUR 30D', '2007', 'TORNO_CNC'),
('TC-08', 'TORNO CNC', 'USINAGEM', false, 'Ativo', 'Industrial', 'NARDINI', 'L.350', '2013', 'TORNO_CNC'),
('MS-01', 'MAQUINA DE SOLDA', 'DESATIVADA', false, 'Inativo', 'Industrial', NULL, NULL, NULL, 'MAQUINA_DE_SOLDA'),
('JT-02', 'JATO DE OXIDO DE ALUMINIO', 'TUBULAÇÃO', false, 'Ativo', 'Industrial', NULL, NULL, NULL, 'JATO_DE_OXIDO_DE_ALUMINIO'),
('EX-05', 'EXTRUSORA', 'EXTRUSÃO', true, 'Ativo', 'Industrial', NULL, NULL, NULL, 'EXTRUSORA'),
('EP-02', 'ESPULADEIRA', 'TRANÇADEIRA', false, 'Ativo', 'Industrial', 'FUSOTEC', '72', '1997', 'ESPULADEIRA'),
('FO-01', 'ESTUFA ELETRICA', 'USINAGEM', true, 'Ativo', 'Industrial', 'TECHAIR', NULL, NULL, 'ESTUFA_ELETRICA'),
('FO-02', 'ESTUFA ELETRICA', 'USINAGEM', true, 'Ativo', 'Industrial', 'STANDARD', 'SE-T', '2003', 'ESTUFA_ELETRICA'),
('FO-03', 'FORNO', 'USINAGEM', true, 'Ativo', 'Industrial', 'INCO', 'BTH3601485', NULL, 'FORNO'),
('FO-04', 'FORNO', 'USINAGEM', true, 'Ativo', 'Industrial', NULL, NULL, NULL, 'FORNO'),
('FO-05', 'FORNO', 'USINAGEM', true, 'Ativo', 'Industrial', NULL, NULL, NULL, 'FORNO'),
('FO-06', 'FORNO', 'USINAGEM', true, 'Ativo', 'Industrial', NULL, NULL, NULL, 'FORNO'),
('FO-07', 'FORNO', 'INJEÇÃO/ REVESTIMENTO', true, 'Ativo', 'Industrial', NULL, NULL, NULL, 'FORNO'),
('PH-01', 'PRENSA HIDRÁULICA', 'MOLDAGEM', true, 'Ativo', 'Industrial', NULL, NULL, NULL, 'PRENSA_HIDRULICA'),
('PH-03', 'PRENSA HIDRÁULICA', 'MOLDAGEM', true, 'Ativo', 'Industrial', NULL, NULL, NULL, 'PRENSA_HIDRULICA'),
('PH-02', 'PRENSA DE MOLDAGEM', 'MOLDAGEM', true, 'Ativo', 'Industrial', 'EKA', NULL, NULL, 'PRENSA_DE_MOLDAGEM'),
('PH-04', 'PRENSA HIDRÁULICA', 'MOLDAGEM', true, 'Ativo', 'Industrial', NULL, NULL, NULL, 'PRENSA_HIDRULICA'),
('TD-03', 'TRANÇADEIRA', 'TRANÇADEIRA', false, 'Ativo', 'Industrial', NULL, NULL, NULL, 'TRANADEIRA'),
('TM-03', 'TORNO MECANICO', 'USINAGEM', false, 'Ativo', 'Industrial', 'DIPLOMAT', 'ND.250', NULL, 'TORNO_MECANICO'),
('TM-04', 'TORNO MECANICO', 'USINAGEM', false, 'Ativo', 'Industrial', 'NARDINI', 'ND.250', '2013', 'TORNO_MECANICO'),
('TM-05', 'TORNO MECANICO', 'USINAGEM', false, 'Ativo', 'Industrial', 'NARDINI', 'ND.250', '2013', 'TORNO_MECANICO'),
('TM-06', 'TORNO MECANICO', 'USINAGEM', false, 'Ativo', 'Industrial', 'DIPLOMAT', 'NZ.400', '2004/2005', 'TORNO_MECANICO'),
('MG-01', 'MOLDAGEM COM GLICERINA', 'AUTOMOTIVO', false, 'Ativo', 'Industrial', NULL, NULL, NULL, 'MOLDAGEM_COM_GLICERINA'),
('PH-13', 'PRENSA HIDRAULICA', 'MOLDAGEM', true, 'Ativo', 'Industrial', NULL, NULL, NULL, 'PRENSA_HIDRULICA'),
('ES-03', 'ESMERIL', 'USINAGEM', false, 'Ativo', 'Industrial', NULL, NULL, NULL, 'ESMERIL'),
('PH-14', 'PRENSA', 'MOLDAGEM', true, 'Ativo', 'Industrial', 'LP COPÉ', 'PHR 600', '1985', 'PRENSA'),
('PH-16', 'PRENSA HIDRAULICA', 'MOLDAGEM', true, 'Ativo', 'Industrial', 'INCO', 'PC 30005385', NULL, 'PRENSA_HIDRULICA'),
('PH-18', 'PRENSA HIDRAULICA', 'MOLDAGEM', true, 'Ativo', 'Industrial', 'RANALLI', NULL, NULL, 'PRENSA_HIDRULICA'),
('PH-19', 'PRENSA HIDRAULICA', 'MOLDAGEM', true, 'Ativo', 'Industrial', 'FAREX', NULL, NULL, 'PRENSA_HIDRULICA'),
('TD-01', 'TRANÇADEIRA', 'TRANÇADEIRA', true, 'Ativo', 'Industrial', 'FUSOTEC', 'W72', '2004', 'TRANADEIRA'),
('SF-01', 'SERRA', 'USINAGEM', false, 'Ativo', 'Industrial', 'BALDAN', 'SFC-3', '2020', 'SERRA'),
('EX-04', 'EXTRUSORA', 'EXTRUSÃO', true, 'Ativo', 'Industrial', 'JENNINGS', NULL, NULL, 'EXTRUSORA'),
('PH-20', 'PRENSA HIDRAULICA', 'MOLDAGEM', true, 'Ativo', 'Industrial', NULL, NULL, NULL, 'PRENSA_HIDRULICA'),
('PH-05', 'PRENSA DE EIXO EXCENTRICO', 'MOLDAGEM', true, 'Ativo', 'Industrial', 'FABBE', NULL, NULL, 'PRENSA_DE_EIXO_EXCENTRICO'),
('PH-06', 'PRENSA HIDRAULICA', 'MOLDAGEM', true, 'Ativo', 'Industrial', NULL, NULL, NULL, 'PRENSA_HIDRULICA'),
('PH-07', 'PRENSA DE MOLDAGEM', 'MOLDAGEM', true, 'Ativo', 'Industrial', NULL, NULL, NULL, 'PRENSA_DE_MOLDAGEM'),
('MS-02', 'MAQUINA DE SOLDA', 'TUBULAÇÃO', false, 'Ativo', 'Industrial', NULL, NULL, NULL, 'MAQUINA_DE_SOLDA'),
('MS-03', 'MAQUINA DE SOLDA', 'TUBULAÇÃO', false, 'Ativo', 'Industrial', NULL, NULL, NULL, 'MAQUINA_DE_SOLDA'),
('MS-04', 'MAQUINA DE SOLDA', 'TUBULAÇÃO', false, 'Ativo', 'Industrial', NULL, NULL, NULL, 'MAQUINA_DE_SOLDA'),
('CT-01', 'CENTRO DE USINAGEM', 'USINAGEM', false, 'Ativo', 'Industrial', 'ROMI', 'DISCOVERYV1250', '2007', 'CENTRO_DE_USINAGEM'),
('PH-08', 'PRENSA HIDRAULICA', 'MOLDAGEM', true, 'Ativo', 'Industrial', NULL, NULL, NULL, 'PRENSA_HIDRULICA'),
('PH-09', 'PRENSA DE MOLDAGEM', 'MOLDAGEM', true, 'Ativo', 'Industrial', NULL, NULL, NULL, 'PRENSA_DE_MOLDAGEM'),
('PH-10', 'PRENSA DE MOLDAGEM', 'MOLDAGEM', true, 'Ativo', 'Industrial', 'INCO', 'PC1502385', NULL, 'PRENSA_DE_MOLDAGEM'),
('TM-02', 'TORNO MECANICO', 'USINAGEM', false, 'Ativo', 'Industrial', 'NARDINI', 'MS205', NULL, 'TORNO_MECANICO'),
('RE-01', 'RETIFICA DEWALT', 'USINAGEM', false, 'Ativo', 'Industrial', NULL, NULL, NULL, 'RETIFICA_DEWALT'),
('PH-17', 'PRENSA DE MOLDAGEM', 'MOLDAGEM', true, 'Ativo', 'Industrial', 'RANALLI', NULL, NULL, 'PRENSA_DE_MOLDAGEM'),
('SF-02', 'SERRA DE FITA', 'USINAGEM', false, 'Ativo', 'Industrial', 'FRANHO', 'SH-4242NC', '2013', 'SERRA_DE_FITA'),
('PM-01', 'PRÉ-MOLDE', 'MOLDAGEM', false, 'Ativo', 'Industrial', 'JENNINGS', NULL, NULL, 'PRMOLDE'),
('TA-04', 'TORNO AUTOMÁTICO', 'USINAGEM', false, 'Ativo', 'Industrial', 'TRAUB', 'A25', NULL, 'TORNO_AUTOMTICO'),
('TA-05', 'TORNO AUTOMÁTICO', 'USINAGEM', false, 'Ativo', 'Industrial', 'ATRAS MÁQUINA', 'RAS 15MM/25M', '2005', 'TORNO_AUTOMTICO'),
('EP-01', 'ESPULADEIRA', 'TRANÇADEIRA', false, 'Ativo', 'Industrial', 'FUSOTEC', 'W1/W72', '2014', 'ESPULADEIRA'),
('EP-03', 'ESPULADEIRA', 'TRANÇADEIRA', false, 'Ativo', 'Industrial', NULL, NULL, NULL, 'ESPULADEIRA'),
('PO-01', 'POLICORTE', 'TRANÇADEIRA', false, 'Ativo', 'Industrial', NULL, NULL, NULL, 'POLICORTE'),
('TD-05', 'TRANÇADEIRA', 'TRANÇADEIRA', true, 'Ativo', 'Industrial', 'FUSOTEC', 'W721A', '2011', 'TRANADEIRA'),
('EF-01', 'CONFORMADORA', 'AUTOMOTIVO', false, 'Ativo', 'Industrial', 'CRIPPA', 'S2086', '2023', 'CONFORMADORA'),
('ML-01', 'MAQUINA A LASER', 'AUTOMOTIVO', false, 'Ativo', 'Industrial', 'GALVO SCANNER', 'CMK-DESK-30', '2023', 'MAQUINA_A_LASER'),
('ML-02', 'MAQUINA A LASER', 'AUTOMOTIVO', false, 'Ativo', 'Industrial', NULL, NULL, NULL, 'MAQUINA_A_LASER'),
('CO-01', 'COMPRESSOR CHICAGO CPCm 40BD', 'SALA DE MAQUINA', true, 'Ativo', 'Industrial', NULL, NULL, NULL, 'COMPRESSOR_CHICAGO_CPCM_40BD'),
('TM-01', 'TORNO MECANICO', 'USINAGEM', false, 'Ativo', 'Industrial', NULL, NULL, NULL, 'TORNO_MECANICO'),
('TS-01', 'MAQUINA DE TESTE', 'TRANÇADEIRA', false, 'Ativo', 'Industrial', NULL, NULL, NULL, 'MAQUINA_DE_TESTE'),
('TD-06', 'TRANÇADEIRA', 'TRANÇADEIRA', true, 'Ativo', 'Industrial', NULL, NULL, NULL, 'TRANADEIRA'),
('CV-01', 'CURVADORA', 'AUTOMOTIVO', false, 'Ativo', 'Industrial', 'CRIPPA', '1025E', '2024', 'CURVADORA'),
('RM-01', 'RECRAVADEIRA DE MANGUEIRAS', 'AUTOMOTIVO', false, 'Ativo', 'Industrial', 'HYLIK', 'YB120L', '2023', 'RECRAVADEIRA_DE_MANGUEIRAS'),
('CS-01', 'CABINE SECUNDARIA', 'SALA DE MAQUINA', true, 'Ativo', 'Industrial', NULL, NULL, NULL, 'CABINE_SECUNDARIA'),
('CPR-01', 'CABINE PRIMARIA', 'SALA DE MAQUINA', true, 'Ativo', 'Industrial', NULL, NULL, NULL, 'CABINE_PRIMARIA'),
('QI-01', 'QUADRO DE ILUMINAÇÃO', 'SALA DE MAQUINA', false, 'Ativo', 'Industrial', NULL, NULL, NULL, 'QUADRO_DE_ILUMINAO'),
('QDF-05', 'QUADRO DE FORÇA', 'SALA DE MAQUINA', false, 'Ativo', 'Industrial', 'ALTOVOLT', NULL, '2021', 'QUADRO_DE_FORA'),
('QGC-01', 'QUADRO GERAL DO AR CONDICIONADO', 'SALA DE MAQUINA', false, 'Ativo', 'Industrial', NULL, NULL, NULL, 'QUADRO_GERAL_DO_AR_CONDICIONADO'),
('FR-01', 'FRESADORA FERRAMENTARIA', 'FERRAMENTARIA', false, 'Ativo', 'Industrial', 'DIPLOMAT', '2000FVF', '2000', 'FRESADORA_FERRAMENTARIA'),
('QDF-04', 'QUADRO DE FORÇA', 'FERRAMENTARIA', false, 'Ativo', 'Industrial', 'ALTOVOLT', NULL, '2021', 'QUADRO_DE_FORA'),
('QDF-02', 'QUADRO DE FORÇA', 'FERRAMENTARIA', false, 'Ativo', 'Industrial', 'ALTOVOLT', NULL, '2021', 'QUADRO_DE_FORA'),
('QDF-01', 'QUADRO DE FORÇA', 'FERRAMENTARIA', false, 'Ativo', 'Industrial', 'ALTOVOLT', NULL, '2021', 'QUADRO_DE_FORA'),
('QDF-06', 'QUADRO DE FORÇA', 'FERRAMENTARIA', false, 'Ativo', 'Industrial', 'ALTOVOLT', NULL, '2021', 'QUADRO_DE_FORA'),
('QUADRO ELETRICO-01', 'QUADRO ELETRICO (COMANDO DA PORTARIA)', 'FERRAMENTARIA', false, 'Ativo', 'Predial', NULL, NULL, NULL, 'QUADRO_ELETRICO_COMANDO_DA_PORTARIA'),
('QUADRO ELETRICO-03', 'QUADRO ELETRICO (COMANDO ENGENHARIA/PCD)', 'FERRAMENTARIA', false, 'Ativo', 'Predial', NULL, NULL, NULL, 'QUADRO_ELETRICO_COMANDO_ENGENHARIAPCD'),
('TD-04', 'TRANÇADEIRA', 'TRANÇADEIRA', true, 'Ativo', 'Industrial', 'FUSOTEC', NULL, NULL, 'TRANADEIRA'),
('QUADRO ELETRICO-02', 'QUADRO ELETRICO (COMANDO DO REFEITÓRIO)', 'FERRAMENTARIA', false, 'Ativo', 'Predial', NULL, NULL, NULL, 'QUADRO_ELETRICO_COMANDO_DO_REFEITRIO'),
('CA-01', 'CALANDRA', 'USINAGEM', false, 'Ativo', 'Industrial', NULL, NULL, NULL, 'CALANDRA'),
('SI-01', 'SOLDA POR INDUÇÃO', 'AUTOMOTIVO', false, 'Ativo', 'Industrial', 'GRC', 'WRG-15-10', NULL, 'SOLDA_POR_INDUO'),
('MI-01', 'MISTURADOR', 'USINAGEM', false, 'Ativo', 'Industrial', NULL, NULL, NULL, 'MISTURADOR'),
('MI-02', 'MISTURADOR', 'USINAGEM', false, 'Ativo', 'Industrial', NULL, NULL, NULL, 'MISTURADOR'),
('MI-03', 'MISTURADOR', 'USINAGEM', false, 'Ativo', 'Industrial', NULL, NULL, NULL, 'MISTURADOR'),
('CH-01', 'CHILLER', 'AUTOMOTIVO', false, 'Ativo', 'Industrial', 'SMART-CHILLER', 'VAVO45A2PR', '2023', 'CHILLER'),
('TF-04', 'TREFILA', 'TREFILA', false, 'Ativo', 'Industrial', NULL, NULL, NULL, 'TREFILA'),
('CR-02', 'MAQUINA DE CORRUGAR', 'TRANÇADEIRA', false, 'Ativo', 'Industrial', NULL, NULL, NULL, 'MAQUINA_DE_CORRUGAR'),
('TD-07', 'TRANÇADEIRA', 'TRANÇADEIRA', true, 'Ativo', 'Industrial', 'FUSOTEC', 'W72TA', '2011', 'TRANADEIRA'),
('TD-08', 'TRANÇADEIRA', 'TRANÇADEIRA', true, 'Ativo', 'Industrial', NULL, NULL, NULL, 'TRANADEIRA'),
('BEB1', 'BEBEDOURO DIRETORIA', 'PREDIAL', false, 'Ativo', 'Predial', NULL, NULL, NULL, 'BEBEDOURO_DIRETORIA'),
('BEB2', 'BEBEDOURO ENGENHARIA', 'PREDIAL', false, 'Ativo', 'Predial', NULL, NULL, NULL, 'BEBEDOURO_ENGENHARIA'),
('BEB5', 'BEBEDOURO AUTOMOTIVO', 'AUTOMOTIVO', false, 'Ativo', 'Predial', NULL, NULL, NULL, 'BEBEDOURO_AUTOMOTIVO'),
('BEB6', 'BEBEDOURO INJEÇÃO', 'MOLDAGEM', false, 'Ativo', 'Predial', NULL, NULL, NULL, 'BEBEDOURO_INJEO'),
('CO-02', 'COMPRESSOR DE PARAFUSO', 'SALA DE MAQUINA', true, 'Ativo', 'Industrial', NULL, NULL, NULL, 'COMPRESSOR_DE_PARAFUSO'),
('CO-03', 'COMPRESSOR PISTÃO SCHULZ', 'SALA DE MAQUINA', true, 'Ativo', 'Industrial', NULL, NULL, NULL, 'COMPRESSOR_PISTO_SCHULZ'),
('TF-03', 'TREFILA', 'TREFILA', false, 'Ativo', 'Industrial', NULL, NULL, NULL, 'TREFILA'),
('EN-01', 'ENROLADOR DE FITA', 'TREFILA', false, 'Ativo', 'Industrial', NULL, NULL, NULL, 'ENROLADOR_DE_FITA'),
('FR-02', 'FRESADORA FERRAMENTARIA', 'FERRAMENTARIA', false, 'Ativo', 'Industrial', NULL, NULL, NULL, 'FRESADORA_FERRAMENTARIA'),
('CP-01', 'CABINE DE PINTURA HALAR', 'TUBULAÇÃO', false, 'Ativo', 'Industrial', NULL, NULL, NULL, 'CABINE_DE_PINTURA_HALAR'),
('CP-02', 'CABINE DE PINTURA', 'TUBULAÇÃO', false, 'Ativo', 'Industrial', NULL, NULL, NULL, 'CABINE_DE_PINTURA'),
('TD-09', 'TRANÇADEIRA', 'TRANÇADEIRA', true, 'Ativo', 'Industrial', NULL, NULL, NULL, 'TRANADEIRA'),
('PH-11', 'PRENSA HIDRAULICA', 'MOLDAGEM', true, 'Ativo', 'Industrial', 'INCO', 'PC1503385', NULL, 'PRENSA_HIDRULICA'),
('PH-12', 'PRENSA HIDRAULICA', 'MOLDAGEM', true, 'Ativo', 'Industrial', 'INCO', 'PC1504385', NULL, 'PRENSA_HIDRULICA'),
('TES-01', 'TESTE TREFILA', 'TREFILA', false, 'Ativo', 'Industrial', NULL, NULL, NULL, 'TESTE_TREFILA'),
('CR-01', 'MAQUINA DE CORRUGAR', 'TRANÇADEIRA', false, 'Ativo', 'Industrial', NULL, NULL, NULL, 'MAQUINA_DE_CORRUGAR'),
('TM-07', 'TORNO MECANICO', 'USINAGEM', false, 'Ativo', 'Industrial', NULL, NULL, NULL, 'TORNO_MECANICO'),
('PX-01', 'PUXADOR', 'EXTRUSÃO', false, 'Ativo', 'Industrial', NULL, NULL, NULL, 'PUXADOR'),
('TA-06', 'TORNO AUTOMATICO', 'USINAGEM', false, 'Ativo', 'Industrial', 'TRAUB', 'TB-42', NULL, 'TORNO_AUTOMATICO'),
('TR-01', 'TORNO REVOLVER', 'USINAGEM', false, 'Ativo', 'Industrial', 'ATRAS MÁQUINA', 'TR-25', '2005', 'TORNO_REVOLVER'),
('RO-01', 'ROUTER', 'USINAGEM', false, 'Ativo', 'Industrial', 'SCRIBA', 'SB1325TM', '2016', 'ROUTER'),
('RO-02', 'ROUTER', 'USINAGEM', false, 'Ativo', 'Industrial', 'ROCTECH', 'RO1525S-ATC-TM', '2022', 'ROUTER'),
('VR-01', 'LAVADOR DE PEÇAS', 'OBSOLETO', false, 'Inativo', 'Industrial', 'V EQUIPAMENTOS', NULL, NULL, 'LAVADOR_DE_PEAS'),
('PL-01', 'PLAINA', 'USINAGEM', false, 'Ativo', 'Industrial', 'BALDAN', 'DPC-5', '2008', 'PLAINA'),
('BA-012', 'BALANÇA', 'USINAGEM', false, 'Ativo', 'Predial', 'TOLEDO', '2003/38-2180', '2014', 'BALANA'),
('BA-010', 'BALANÇA', 'USINAGEM', false, 'Ativo', 'Predial', NULL, 'BCW30', '2013', 'BALANA'),
('FO-14', 'FORNO', 'USINAGEM', true, 'Ativo', 'Industrial', NULL, NULL, NULL, 'FORNO'),
('CR-03', 'MAQUINA DE CORRUGAR', 'TRANÇADEIRA', false, 'Ativo', 'Industrial', NULL, NULL, NULL, 'MAQUINA_DE_CORRUGAR'),
('CT-02', 'CENTRO DE USINAGEM', 'USINAGEM', false, 'Ativo', 'Industrial', NULL, NULL, NULL, 'CENTRO_DE_USINAGEM'),
('ET-01', 'ESTUFA DE FUNIL', 'AUTOMOTIVO', true, 'Ativo', 'Industrial', 'XIECHENG', 'XC-G100KG', '2025', 'ESTUFA_DE_FUNIL'),
('MV-01', 'MAQUINA DE VIROLA', 'ENCAMISAMENTO', false, 'Ativo', 'Industrial', NULL, NULL, NULL, 'MAQUINA_DE_VIROLA'),
('GE-01', 'GERADOR', 'SALA DE MAQUINA', true, 'Ativo', 'Industrial', NULL, NULL, NULL, 'GERADOR'),
('SC-01', 'SERRA CIRCULAR', 'AUTOMOTIVO', false, 'Ativo', 'Industrial', 'BERAT 315B', NULL, '2024', 'SERRA_CIRCULAR'),
('TRA-01', 'TORRE DE RESFRIAMENTO', 'EXTRUSÃO', false, 'Ativo', 'Industrial', NULL, NULL, NULL, 'TORRE_DE_RESFRIAMENTO'),
('CL-01', 'CAVALETE AR RESPIRATORIO (JATO DE GRANALHA)', 'TUBULAÇÃO', false, 'Ativo', 'Industrial', NULL, NULL, NULL, 'CAVALETE_AR_RESPIRATORIO_JATO_DE_GRANALHA'),
('EX-06', 'EXTRUSORA', 'EXTRUSÃO', true, 'Ativo', 'Industrial', 'SUKO', 'PFG150 RAM', NULL, 'EXTRUSORA'),
('EX-07', 'EXTRUSORA', 'EXTRUSÃO', true, 'Ativo', 'Industrial', 'SUKO', 'PFG150 RAM', '2025', 'EXTRUSORA'),
('GUI-01', 'GUILHOTINA', 'AUTOMOTIVO', false, 'Ativo', 'Industrial', 'POLIFLUOR', NULL, NULL, 'GUILHOTINA'),
('SF-04', 'SERRA DE FITA', 'SOLDA', false, 'Ativo', 'Industrial', 'MADA', 'SH - 500M', '2024', 'SERRA_DE_FITA'),
('BA-01', 'BALANÇA 01', 'USINAGEM', false, 'Ativo', 'Predial', NULL, NULL, NULL, 'BALANA_01'),
('BA-02', 'BALANÇA 02', 'USINAGEM', false, 'Ativo', 'Predial', NULL, NULL, NULL, 'BALANA_02')
ON CONFLICT (id) DO NOTHING;

COMMIT;

SELECT 'Banco de dados populado com sucesso! Agora você pode usar a aplicação completa.';